"rule_id";"priority";"quiz_variant";"child_age_min";"child_age_max";"quiz_signal_id";"quiz_signal_value";"grade_or_group";"recommended_course_title";"recommended_course_group";"trial_lesson_slug";"trial_lesson_title";"program_url";"subject_line";"founder_note_template"
"1";"1";"early";"4";"6";"readiness";"Ещё почти не знает буквы";"early-letters";"Буквы оживают";"early-letters";"early-letters-trial-lesson-01";"Словик и пропавшие звуки";"https://chitatelstvo.ru/bukvy-ozhivayut";"{{CHILD_NAME}} и буквы — мои рекомендации от основателя";"Откройте «Словик и пропавшие звуки» — короткий квест про звук и букву А. Занятие на 10–20 минут, можно прерваться и вернуться. О курсе «Буквы оживают»: https://chitatelstvo.ru/bukvy-ozhivayut"
"2";"1";"early";"4";"6";"readiness";"Знает некоторые буквы";"early-letters";"Буквы оживают";"early-letters";"early-letters-trial-lesson-01";"Словик и пропавшие звуки";"https://chitatelstvo.ru/bukvy-ozhivayut";"{{CHILD_NAME}} и буквы — мои рекомендации от основателя";"Начните с «Словика и пропавших звуков» — знакомые буквы и игровые станции. Короткие шаги, можно остановиться и продолжить позже. О курсе: https://chitatelstvo.ru/bukvy-ozhivayut"
"3";"1";"early";"5";"7";"readiness";"Складывает слоги или короткие слова";"early-stories";"Первые истории";"early-stories";"early-stories-trial-lesson-01";"Спаси первую историю";"https://chitatelstvo.ru/pervye-istorii";"{{CHILD_NAME}} и первые истории — от основателя";"«Спаси первую историю» — короткие фразы, которые ребёнок читает сам. Пройдите бесплатный урок-сказку на платформе — посмотрите, как устроены задания со сказками на понимание. Для возраста 6–7 лет там нужна будет ваша помощь и сопровождение при прохождении. О курсе «Первые истории»: https://chitatelstvo.ru/pervye-istorii Рекомендую посмотреть курс «Ветер в ивах» — скоро стартует с преподавателем в группе. За месяц читаем одну классическую историю: групповые встречи и самостоятельное чтение по примеру открытого урока. https://chitatelstvo.ru/veter-v-ivah"
"4";"2";"early";"5";"7";"interest";"Короткие истории и картинки";"early-stories";"Первые истории";"early-stories";"early-stories-trial-lesson-01";"Спаси первую историю";"https://chitatelstvo.ru/pervye-istorii";"{{CHILD_NAME}} и первые истории — от основателя";"«Спаси первую историю» — мало текста, много картинок и маленьких заданий. Пройдите бесплатный урок-сказку на платформе — посмотрите, как устроены задания со сказками на понимание. Для возраста 6–7 лет там нужна будет ваша помощь и сопровождение при прохождении. О курсе: https://chitatelstvo.ru/pervye-istorii Рекомендую посмотреть курс «Ветер в ивах» — скоро стартует с преподавателем в группе. За месяц читаем одну классическую историю: групповые встречи и самостоятельное чтение по примеру открытого урока. https://chitatelstvo.ru/veter-v-ivah"
"5";"2";"early";"4";"6";"interest";"Игры со звуками и буквами";"early-letters";"Буквы оживают";"early-letters";"early-letters-trial-lesson-01";"Словик и пропавшие звуки";"https://chitatelstvo.ru/bukvy-ozhivayut";"{{CHILD_NAME}} и буквы — мои рекомендации от основателя";"«Словик и пропавшие звуки» — игры со звуком: слушаем, повторяем, ищем букву. Домашка короткая, Словик ведёт по шагам. О курсе: https://chitatelstvo.ru/bukvy-ozhivayut"
"6";"1";"reading";"6";"8";"grade";"1 класс";"grade-1";"1 класс";"grade-1";"grade-1-self_paced-stage-1-lesson-01";"Царевна-лягушка";"https://chitatelstvo.ru/1-klass";"{{CHILD_NAME}} и чтение — мои рекомендации от основателя";"Открыла «Царевна-лягушка» — первая сказка модуля для 1 класса. Пройдите бесплатный урок-сказку на платформе — посмотрите, как устроены задания со сказками на понимание. Для возраста 6–7 лет там нужна будет ваша помощь и сопровождение при прохождении. О программе 1 класса: https://chitatelstvo.ru/1-klass Рекомендую посмотреть курс «Ветер в ивах» — скоро стартует с преподавателем в группе. За месяц читаем одну классическую историю: групповые встречи и самостоятельное чтение по примеру открытого урока. https://chitatelstvo.ru/veter-v-ivah"
"7";"1";"reading";"7";"9";"grade";"2 класс";"grade-2";"2 класс";"grade-2";"grade-2-self_paced-stage-1-lesson-01";"Сказка о рыбаке и рыбке";"https://chitatelstvo.ru/2-klass";"{{CHILD_NAME}} и чтение — мои рекомендации от основателя";"Для 2 класса открыла «Сказку о рыбаке и рыбке». В уроке разбираем поступки героев и вопросы по тексту. Рекомендую программу для 2 класса, если нужна помощь в понимании того, что задали летом и что нужно будет написать в Дневнике летнего чтения для учительницы :) Подробнее о программе: https://chitatelstvo.ru/2-klass Рекомендую посмотреть курс «Ветер в ивах» — скоро стартует с преподавателем в группе. За месяц читаем одну классическую историю: групповые встречи и самостоятельное чтение по примеру открытого урока. https://chitatelstvo.ru/veter-v-ivah"
"8";"1";"reading";"8";"10";"grade";"3 класс";"grade-3";"3 класс";"grade-3";"grade-3-self_paced-stage-1-lesson-01";"Сказка о царе Салтане";"https://chitatelstvo.ru/3-klass";"{{CHILD_NAME}} и чтение — мои рекомендации от основателя";"«Сказка о царе Салтане» — первая сказка модуля 3 класса. Идём блоками: видео, вопросы, задание в тетради. Рекомендую программу для 3 класса, если нужна помощь в понимании того, что задали летом и что нужно будет написать в Дневнике летнего чтения для учительницы :) Подробнее о программе: https://chitatelstvo.ru/3-klass Рекомендую посмотреть курс «Ветер в ивах» — скоро стартует с преподавателем в группе. За месяц читаем одну классическую историю: групповые встречи и самостоятельное чтение по примеру открытого урока. https://chitatelstvo.ru/veter-v-ivah"
"9";"1";"reading";"9";"11";"grade";"4 класс";"grade-4";"4 класс";"grade-4";"grade-4-self_paced-stage-1-lesson-02";"Сказка о потерянном времени";"https://chitatelstvo.ru/4-klass";"{{CHILD_NAME}} и чтение — мои рекомендации от основателя";"Для 4 класса открыла «Сказку о потерянном времени». Урок уже доступен на вашей странице прогресса. Рекомендую программу для 4 класса, если нужна помощь в понимании того, что задали летом и что нужно будет написать в Дневнике летнего чтения для учительницы :) Подробнее о программе: https://chitatelstvo.ru/4-klass Рекомендую посмотреть курс «Таинственный сад» — скоро стартует с преподавателем в группе. За месяц читаем одну классическую историю: групповые встречи и самостоятельное чтение по примеру открытого урока. https://chitatelstvo.ru/tainstvenny-sad"
"10";"2";"reading";"6";"8";"hard";"Понять, о чём текст";"grade-1";"1 класс";"grade-1";"grade-1-self_paced-stage-1-lesson-01";"Царевна-лягушка";"https://chitatelstvo.ru/1-klass";"{{CHILD_NAME}} и понимание текста — от основателя";"Вы писали, что трудно понять, о чём текст. «Царевна-лягушка» — простой конфликт и вопросы про героев после каждого блока. Пройдите бесплатный урок-сказку на платформе — посмотрите, как устроены задания со сказками на понимание. Для возраста 6–7 лет там нужна будет ваша помощь и сопровождение при прохождении. О программе: https://chitatelstvo.ru/1-klass Рекомендую посмотреть курс «Ветер в ивах» — скоро стартует с преподавателем в группе. За месяц читаем одну классическую историю: групповые встречи и самостоятельное чтение по примеру открытого урока. https://chitatelstvo.ru/veter-v-ivah"
"11";"2";"reading";"7";"9";"hard";"Понять, о чём текст";"grade-2";"2 класс";"grade-2";"grade-2-self_paced-stage-1-lesson-01";"Сказка о рыбаке и рыбке";"https://chitatelstvo.ru/2-klass";"{{CHILD_NAME}} и понимание текста — от основателя";"«Сказка о рыбаке и рыбке» — разбираем мотивы героев: жадность, просьбы, последствия. Рекомендую программу для 2 класса, если нужна помощь в понимании того, что задали летом и что нужно будет написать в Дневнике летнего чтения для учительницы :) Подробнее о программе: https://chitatelstvo.ru/2-klass Рекомендую посмотреть курс «Ветер в ивах» — скоро стартует с преподавателем в группе. За месяц читаем одну классическую историю: групповые встречи и самостоятельное чтение по примеру открытого урока. https://chitatelstvo.ru/veter-v-ivah"
"12";"2";"reading";"8";"10";"hard";"Понять, о чём текст";"grade-3";"3 класс";"grade-3";"grade-3-self_paced-stage-1-lesson-01";"Сказка о царе Салтане";"https://chitatelstvo.ru/3-klass";"{{CHILD_NAME}} и понимание текста — от основателя";"«Сказка о царе Салтане» — много событий. После каждого блока короткие вопросы, чтобы удержать нить сюжета. Рекомендую программу для 3 класса, если нужна помощь в понимании того, что задали летом и что нужно будет написать в Дневнике летнего чтения для учительницы :) Подробнее о программе: https://chitatelstvo.ru/3-klass Рекомендую посмотреть курс «Ветер в ивах» — скоро стартует с преподавателем в группе. За месяц читаем одну классическую историю: групповые встречи и самостоятельное чтение по примеру открытого урока. https://chitatelstvo.ru/veter-v-ivah"
"13";"2";"reading";"9";"11";"hard";"Понять, о чём текст";"grade-4";"4 класс";"grade-4";"grade-4-self_paced-stage-1-lesson-02";"Сказка о потерянном времени";"https://chitatelstvo.ru/4-klass";"{{CHILD_NAME}} и понимание текста — от основателя";"«Сказка о потерянном времени» — про то, куда уходит время и за что отвечаем сами. Вопросы в уроке про поступки героев. Рекомендую программу для 4 класса, если нужна помощь в понимании того, что задали летом и что нужно будет написать в Дневнике летнего чтения для учительницы :) Подробнее о программе: https://chitatelstvo.ru/4-klass Рекомендую посмотреть курс «Таинственный сад» — скоро стартует с преподавателем в группе. За месяц читаем одну классическую историю: групповые встречи и самостоятельное чтение по примеру открытого урока. https://chitatelstvo.ru/tainstvenny-sad"
"14";"2";"reading";"6";"11";"hard";"Дочитать до конца";"any";"по классу ребёнка";"any";"";"";"https://chitatelstvo.ru/#program";"{{CHILD_NAME}} и чтение — мои рекомендации от основателя";"Когда сложно дочитывать, берём одну короткую сказку вашего класса и идём до конца в своём темпе. Пробный урок — на одну историю. Программы по классам: https://chitatelstvo.ru/#program Рекомендую посмотреть курс «Ветер в ивах» — скоро стартует с преподавателем в группе. За месяц читаем одну классическую историю: групповые встречи и самостоятельное чтение по примеру открытого урока. https://chitatelstvo.ru/veter-v-ivah"
"15";"2";"reading";"6";"11";"hard";"Пересказать своими словами";"any";"по классу ребёнка";"any";"";"";"https://chitatelstvo.ru/#program";"{{CHILD_NAME}} и пересказ — от основателя";"В пробном уроке есть блок «пробуем пересказать». Можно ответить вслух, своими словами. Программы: https://chitatelstvo.ru/#program Рекомендую посмотреть курс «Ветер в ивах» — скоро стартует с преподавателем в группе. За месяц читаем одну классическую историю: групповые встречи и самостоятельное чтение по примеру открытого урока. https://chitatelstvo.ru/veter-v-ivah"
"16";"3";"reading";"6";"9";"format";"С живым преподавателем в группе";"any";"по классу ребёнка";"any";"";"";"https://chitatelstvo.ru/#program";"{{CHILD_NAME}} — формат с преподавателем";"Запишу вас в лист «Жду с преподавателем». Параллельно можно пройти пробную сказку на платформе. Пройдите бесплатный урок-сказку на платформе — посмотрите, как устроены задания со сказками на понимание. Для возраста 6–7 лет там нужна будет ваша помощь и сопровождение при прохождении. Программы: https://chitatelstvo.ru/#program Рекомендую посмотреть курс «Ветер в ивах» — скоро стартует с преподавателем в группе. За месяц читаем одну классическую историю: групповые встречи и самостоятельное чтение по примеру открытого урока. https://chitatelstvo.ru/veter-v-ivah"
"17";"3";"any";"6";"8";"interest";"вне школы / для удовольствия";"extra-6-8";"Внеклассное 6–8 лет";"extra-6-8";"extra-6-8-self_paced-stage-1-lesson-01";"Плюшевый кролик";"https://chitatelstvo.ru/6-8-let";"{{CHILD_NAME}} и книги для удовольствия — от основателя";"«Плюшевый кролик» — тёплая история для спокойного чтения дома. Можно идти медленно и обсуждать по ходу. Пройдите бесплатный урок-сказку на платформе — посмотрите, как устроены задания со сказками на понимание. Для возраста 6–7 лет там нужна будет ваша помощь и сопровождение при прохождении. О программе: https://chitatelstvo.ru/6-8-let Рекомендую посмотреть курс «Ветер в ивах» — скоро стартует с преподавателем в группе. За месяц читаем одну классическую историю: групповые встречи и самостоятельное чтение по примеру открытого урока. https://chitatelstvo.ru/veter-v-ivah"
"18";"3";"any";"9";"11";"interest";"вне школы / для удовольствия";"extra-9-11";"Внеклассное 9–11 лет";"extra-9-11";"extra-9-11-self_paced-stage-1-lesson-01";"Опасное лето";"https://chitatelstvo.ru/9-11-let";"{{CHILD_NAME}} и книги для удовольствия — от основателя";"«Опасное лето» — про каникулы, дружбу и выбор. Удобно читать с обсуждением по ходу. О программе: https://chitatelstvo.ru/9-11-let Рекомендую посмотреть курс «Таинственный сад» — скоро стартует с преподавателем в группе. За месяц читаем одну классическую историю: групповые встречи и самостоятельное чтение по примеру открытого урока. https://chitatelstvo.ru/tainstvenny-sad"
"19";"4";"any";"any";"any";"trial_completed";"не купил после пробника";"same";"тот же курс";"any";"";"";"https://chitatelstvo.ru/#program";"{{CHILD_NAME}} — продолжим с того места, где остановились";"Вы уже начали пробный урок — ссылка на страницу прогресса сохранена. Можно вернуться к нему или посмотреть программы на сайте. https://chitatelstvo.ru/#program"
